/*--TABLA CATEGORIA_PRODUCTO------------------------------------------------------------------------------*/                                        
 INSERT INTO categoria_producto (cat_pro_nombre) VALUES ('Arte y antigüedades'),
                                        ('Computación y electrónica'),
                                        ('Deportes'),
                                        ('Electrodomésticos'),
                                        ('Entretenimiento'),
                                        ('Herramientas'),
                                        ('Inmuebles'),
                                        ('Mascotas'),
                                        ('Muebles'),
                                        ('Música y audio'),
                                        ('Refacciones'),
                                        ('Ropa y calzado'),
                                        ('Salud y belleza'),
                                        ('Vehículos'),
                                        ('Otros');
             
/*--TABLA CATEGORIA_NEGOCIO------------------------------------------------------------------------------*/                        
                           
 INSERT INTO categoria_negocio (cat_neg_nombre) VALUES ('Agua'),
                                      ('Alimentos y bebidas'),
                                      ('Arrendamiento'),
                                      ('Bar'),
                                      ('Computadoras y celulares'),
                                      ('Contables'),
                                      ('Créditos y finanzas'),
                                      ('Cyber café'),
                                      ('Domésticos'),
                                      ('Educación'),
                                      ('Electricidad'),
                                      ('Electrónica'),
                                      ('Entretenimiento'),
                                      ('Ferrotlapalería'),
                                      ('Internet'),
                                      ('Jurídicos'),
                                      ('Mecánico'),
                                      ('Música y audio'),
                                      ('Papelería'),
                                      ('Publicidad'),
                                      ('Salón de eventos'),
                                      ('Salubridad'),
                                      ('Salud y belleza'),
                                      ('Seguros'),
                                      ('Comercial'),
                                      ('Transporte');
                                      
/*--TABLA COLONIA_NEGOCIO------------------------------------------------------------------------------*/                        
                           
 INSERT INTO colonia_negocio (direc_colonia,direc_codigo_postal) VALUES ('Constituyentes','77249'),
                            ('Cecilio Chi','77230'),
                            ('Emiliano Zapata','77229'),
                            ('Francisco May','77240'),
                            ('Centro','77200'),
                            ('Juan Bautista Vega','77250'),
                            ('Javier Rojo Gómez','77259'),
                            ('Leona Vicario','77210'),
                            ('Lázaro Cárdenas','77239'),
                            ('Martínez Ross','77220'),
                            ('Plan de Ayala','77214'),
                            ('Plan de Ayutla','77215'),
                            ('Plan de la Noria','77217'),
                            ('Plan de Guadalupe','77216'),
                            ('Rafel E Melgar','77238');
                           
/*--TABLA CATEGORIA_SERVICIO------------------------------------------------------------------------------*/                        
                           
 INSERT INTO categoria_servicio (cat_ser_nombre) VALUES ('Agua'),
                                       ('Alimentos y bebidas'),
                                       ('Arrendamiento'),
                                       ('Computadoras y celulares'),
                                       ('Contables'),
                                       ('Créditos y finanzas'),
                                       ('Domésticos'),
                                       ('Educación'),
                                       ('Electricidad'),
                                       ('Electrónica'),
                                       ('Entretenimiento'),
                                       ('Internet'),
                                       ('Jurídicos'),
                                       ('Mecánico'),
                                       ('Música y audio'),
                                       ('Publicidad'),
                                       ('Salón de eventos'),
                                       ('Salubridad'),
                                       ('Salud y belleza'),
                                       ('Seguros'),
                                       ('Transporte');
 
                           
/*--TABLA COLONIA_SERVICIO------------------------------------------------------------------------------*/            
                           
 INSERT INTO colonia_servicio (direc_colonia,direc_codigo_postal) VALUES ('Constituyentes','77249'),
                            ('Cecilio Chi','77230'),
                            ('Emiliano Zapata','77229'),
                            ('Francisco May','77240'),
                            ('Centro','77200'),
                            ('Juan Bautista Vega','77250'),
                            ('Javier Rojo Gómez','77259'),
                            ('Leona Vicario','77210'),
                            ('Lázaro Cárdenas','77239'),
                            ('Martínez Ross','77220'),
                            ('Plan de Ayala','77214'),
                            ('Plan de Ayutla','77215'),
                            ('Plan de la Noria','77217'),
                            ('Plan de Guadalupe','77216'),
                            ('Rafel E Melgar','77238');
                           
  
/*--TABLA FECHA------------------------------------------------------------------------------*/                          
INSERT INTO fecha (fec_fecha) VALUES ('2016-05-20');
                           
                           
                           
                           